{"response_lengths":2367,"kl":0.0018080217996612191,"grad_norm":6.1875,"_wandb":{"runtime":568},"returns":0.4899999499320984,"_timestamp":1.7415460470279427e+09,"_runtime":467.636014453,"_step":35}