{"_step":17,"response_lengths":3470,"grad_norm":3.578125,"kl":0.0009920039447024465,"_wandb":{"runtime":251},"returns":0.2199999988079071,"_timestamp":1.7415450543196664e+09,"_runtime":251.589913347}