{"_wandb":{"runtime":500},"_runtime":492.388620266,"_step":35,"returns":0.3499999940395355,"_timestamp":1.7415534030352387e+09,"response_lengths":19935,"kl":0.0022809170186519623,"grad_norm":7.0625}