{"grad_norm":4.3125,"kl":0,"_wandb":{"runtime":518},"returns":0.6399999856948853,"_timestamp":1.7415381253381474e+09,"_runtime":518.051622259,"_step":1}