{"_timestamp":1.7415525323286448e+09,"_runtime":5131.802379237,"_step":395,"response_lengths":18211,"kl":0.009971550665795803,"grad_norm":7.53125,"_wandb":{"runtime":5160},"returns":2.7100000381469727}