{"kl":0.0009015390533022583,"grad_norm":7.40625,"_wandb":{"runtime":367},"_timestamp":1.7415171016866615e+09,"_runtime":201.915810109,"_step":24,"returns":13.510000228881836}